scenario,price_annual,price_monthly,paid_conv_per_install,annual_share,annual_first_renewal,monthly_first_renewal,refund_annual,refund_monthly,install_shape,solved_N_for_10k_net_at_m12,month,installs,new_annual_subs,new_monthly_subs,active_annual,active_monthly,mrr_gross_usd,mrr_net_usd
"base: $59.99, 7% conv, 75% annual, 25% renew, ramp",59.99,9.99,0.07,0.75,0.25,0.55,0.06,0.02,ramp,5210,1,1042,51.4,17.9,51,18,436,370
"base: $59.99, 7% conv, 75% annual, 25% renew, ramp",59.99,9.99,0.07,0.75,0.25,0.55,0.06,0.02,ramp,5210,2,1421,70.1,24.4,122,34,949,807
"base: $59.99, 7% conv, 75% annual, 25% renew, ramp",59.99,9.99,0.07,0.75,0.25,0.55,0.06,0.02,ramp,5210,3,1800,88.8,30.9,210,51,1565,1330
"base: $59.99, 7% conv, 75% annual, 25% renew, ramp",59.99,9.99,0.07,0.75,0.25,0.55,0.06,0.02,ramp,5210,4,2179,107.5,37.4,318,70,2285,1942
"base: $59.99, 7% conv, 75% annual, 25% renew, ramp",59.99,9.99,0.07,0.75,0.25,0.55,0.06,0.02,ramp,5210,5,2558,126.2,43.9,444,89,3110,2644
"base: $59.99, 7% conv, 75% annual, 25% renew, ramp",59.99,9.99,0.07,0.75,0.25,0.55,0.06,0.02,ramp,5210,6,2937,144.9,50.4,589,110,4040,3434
"base: $59.99, 7% conv, 75% annual, 25% renew, ramp",59.99,9.99,0.07,0.75,0.25,0.55,0.06,0.02,ramp,5210,7,3315,163.6,56.9,753,131,5073,4312
"base: $59.99, 7% conv, 75% annual, 25% renew, ramp",59.99,9.99,0.07,0.75,0.25,0.55,0.06,0.02,ramp,5210,8,3694,182.3,63.4,935,154,6209,5277
"base: $59.99, 7% conv, 75% annual, 25% renew, ramp",59.99,9.99,0.07,0.75,0.25,0.55,0.06,0.02,ramp,5210,9,4073,201.0,69.9,1136,177,7447,6330
"base: $59.99, 7% conv, 75% annual, 25% renew, ramp",59.99,9.99,0.07,0.75,0.25,0.55,0.06,0.02,ramp,5210,10,4452,219.7,76.4,1356,201,8786,7468
"base: $59.99, 7% conv, 75% annual, 25% renew, ramp",59.99,9.99,0.07,0.75,0.25,0.55,0.06,0.02,ramp,5210,11,4831,238.4,82.9,1594,226,10225,8691
"base: $59.99, 7% conv, 75% annual, 25% renew, ramp",59.99,9.99,0.07,0.75,0.25,0.55,0.06,0.02,ramp,5210,12,5210,257.1,89.4,1851,251,11764,10000
"base: $59.99, 7% conv, 75% annual, 25% renew, ramp",59.99,9.99,0.07,0.75,0.25,0.55,0.06,0.02,ramp,5210,13,5210,257.1,89.4,2070,271,13051,11093
"base: $59.99, 7% conv, 75% annual, 25% renew, ramp",59.99,9.99,0.07,0.75,0.25,0.55,0.06,0.02,ramp,5210,14,5210,257.1,89.4,2274,287,14237,12102
"base: $59.99, 7% conv, 75% annual, 25% renew, ramp",59.99,9.99,0.07,0.75,0.25,0.55,0.06,0.02,ramp,5210,15,5210,257.1,89.4,2465,301,15332,13032
"base: $59.99, 7% conv, 75% annual, 25% renew, ramp",59.99,9.99,0.07,0.75,0.25,0.55,0.06,0.02,ramp,5210,16,5210,257.1,89.4,2641,314,16341,13890
"base: $59.99, 7% conv, 75% annual, 25% renew, ramp",59.99,9.99,0.07,0.75,0.25,0.55,0.06,0.02,ramp,5210,17,5210,257.1,89.4,2804,325,17265,14676
"base: $59.99, 7% conv, 75% annual, 25% renew, ramp",59.99,9.99,0.07,0.75,0.25,0.55,0.06,0.02,ramp,5210,18,5210,257.1,89.4,2952,335,18108,15392
"base: $59.99, 7% conv, 75% annual, 25% renew, ramp",59.99,9.99,0.07,0.75,0.25,0.55,0.06,0.02,ramp,5210,19,5210,257.1,89.4,3086,344,18871,16040
"base: $59.99, 7% conv, 75% annual, 25% renew, ramp",59.99,9.99,0.07,0.75,0.25,0.55,0.06,0.02,ramp,5210,20,5210,257.1,89.4,3207,353,19555,16621
"base: $59.99, 7% conv, 75% annual, 25% renew, ramp",59.99,9.99,0.07,0.75,0.25,0.55,0.06,0.02,ramp,5210,21,5210,257.1,89.4,3313,360,20160,17136
"base: $59.99, 7% conv, 75% annual, 25% renew, ramp",59.99,9.99,0.07,0.75,0.25,0.55,0.06,0.02,ramp,5210,22,5210,257.1,89.4,3406,367,20688,17585
"base: $59.99, 7% conv, 75% annual, 25% renew, ramp",59.99,9.99,0.07,0.75,0.25,0.55,0.06,0.02,ramp,5210,23,5210,257.1,89.4,3484,373,21139,17968
"base: $59.99, 7% conv, 75% annual, 25% renew, ramp",59.99,9.99,0.07,0.75,0.25,0.55,0.06,0.02,ramp,5210,24,5210,257.1,89.4,3548,378,21514,18287
"base: $59.99, 7% conv, 75% annual, 25% renew, ramp",59.99,9.99,0.07,0.75,0.25,0.55,0.06,0.02,ramp,5210,25,5210,257.1,89.4,3607,383,21855,18576
"base: $59.99, 7% conv, 75% annual, 25% renew, ramp",59.99,9.99,0.07,0.75,0.25,0.55,0.06,0.02,ramp,5210,26,5210,257.1,89.4,3663,387,22180,18853
"base: $59.99, 7% conv, 75% annual, 25% renew, ramp",59.99,9.99,0.07,0.75,0.25,0.55,0.06,0.02,ramp,5210,27,5210,257.1,89.4,3717,391,22490,19117
"base: $59.99, 7% conv, 75% annual, 25% renew, ramp",59.99,9.99,0.07,0.75,0.25,0.55,0.06,0.02,ramp,5210,28,5210,257.1,89.4,3769,395,22786,19369
"base: $59.99, 7% conv, 75% annual, 25% renew, ramp",59.99,9.99,0.07,0.75,0.25,0.55,0.06,0.02,ramp,5210,29,5210,257.1,89.4,3820,398,23069,19608
"base: $59.99, 7% conv, 75% annual, 25% renew, ramp",59.99,9.99,0.07,0.75,0.25,0.55,0.06,0.02,ramp,5210,30,5210,257.1,89.4,3868,401,23337,19836
"base: $59.99, 7% conv, 75% annual, 25% renew, ramp",59.99,9.99,0.07,0.75,0.25,0.55,0.06,0.02,ramp,5210,31,5210,257.1,89.4,3913,403,23592,20053
"base: $59.99, 7% conv, 75% annual, 25% renew, ramp",59.99,9.99,0.07,0.75,0.25,0.55,0.06,0.02,ramp,5210,32,5210,257.1,89.4,3957,406,23834,20259
"base: $59.99, 7% conv, 75% annual, 25% renew, ramp",59.99,9.99,0.07,0.75,0.25,0.55,0.06,0.02,ramp,5210,33,5210,257.1,89.4,3999,408,24063,20453
"base: $59.99, 7% conv, 75% annual, 25% renew, ramp",59.99,9.99,0.07,0.75,0.25,0.55,0.06,0.02,ramp,5210,34,5210,257.1,89.4,4038,409,24279,20637
"base: $59.99, 7% conv, 75% annual, 25% renew, ramp",59.99,9.99,0.07,0.75,0.25,0.55,0.06,0.02,ramp,5210,35,5210,257.1,89.4,4076,411,24483,20811
"base: $59.99, 7% conv, 75% annual, 25% renew, ramp",59.99,9.99,0.07,0.75,0.25,0.55,0.06,0.02,ramp,5210,36,5210,257.1,89.4,4111,413,24675,20974
flat installs (no ramp),59.99,9.99,0.07,0.75,0.25,0.55,0.06,0.02,flat,3273,1,3273,161.5,56.1,162,56,1368,1163
flat installs (no ramp),59.99,9.99,0.07,0.75,0.25,0.55,0.06,0.02,flat,3273,2,3273,161.5,56.1,323,87,2484,2111
flat installs (no ramp),59.99,9.99,0.07,0.75,0.25,0.55,0.06,0.02,flat,3273,3,3273,161.5,56.1,485,109,3513,2986
flat installs (no ramp),59.99,9.99,0.07,0.75,0.25,0.55,0.06,0.02,flat,3273,4,3273,161.5,56.1,646,127,4498,3824
flat installs (no ramp),59.99,9.99,0.07,0.75,0.25,0.55,0.06,0.02,flat,3273,5,3273,161.5,56.1,808,142,5455,4637
flat installs (no ramp),59.99,9.99,0.07,0.75,0.25,0.55,0.06,0.02,flat,3273,6,3273,161.5,56.1,969,155,6391,5432
flat installs (no ramp),59.99,9.99,0.07,0.75,0.25,0.55,0.06,0.02,flat,3273,7,3273,161.5,56.1,1131,166,7311,6214
flat installs (no ramp),59.99,9.99,0.07,0.75,0.25,0.55,0.06,0.02,flat,3273,8,3273,161.5,56.1,1292,176,8220,6987
flat installs (no ramp),59.99,9.99,0.07,0.75,0.25,0.55,0.06,0.02,flat,3273,9,3273,161.5,56.1,1454,185,9119,7751
flat installs (no ramp),59.99,9.99,0.07,0.75,0.25,0.55,0.06,0.02,flat,3273,10,3273,161.5,56.1,1615,194,10009,8507
flat installs (no ramp),59.99,9.99,0.07,0.75,0.25,0.55,0.06,0.02,flat,3273,11,3273,161.5,56.1,1777,201,10890,9257
flat installs (no ramp),59.99,9.99,0.07,0.75,0.25,0.55,0.06,0.02,flat,3273,12,3273,161.5,56.1,1938,208,11764,10000
flat installs (no ramp),59.99,9.99,0.07,0.75,0.25,0.55,0.06,0.02,flat,3273,13,3273,161.5,56.1,1978,214,12026,10222
flat installs (no ramp),59.99,9.99,0.07,0.75,0.25,0.55,0.06,0.02,flat,3273,14,3273,161.5,56.1,2019,219,12282,10440
flat installs (no ramp),59.99,9.99,0.07,0.75,0.25,0.55,0.06,0.02,flat,3273,15,3273,161.5,56.1,2059,224,12532,10652
flat installs (no ramp),59.99,9.99,0.07,0.75,0.25,0.55,0.06,0.02,flat,3273,16,3273,161.5,56.1,2100,228,12778,10861
flat installs (no ramp),59.99,9.99,0.07,0.75,0.25,0.55,0.06,0.02,flat,3273,17,3273,161.5,56.1,2140,232,13019,11066
flat installs (no ramp),59.99,9.99,0.07,0.75,0.25,0.55,0.06,0.02,flat,3273,18,3273,161.5,56.1,2180,236,13256,11268
flat installs (no ramp),59.99,9.99,0.07,0.75,0.25,0.55,0.06,0.02,flat,3273,19,3273,161.5,56.1,2221,239,13490,11467
flat installs (no ramp),59.99,9.99,0.07,0.75,0.25,0.55,0.06,0.02,flat,3273,20,3273,161.5,56.1,2261,242,13721,11663
flat installs (no ramp),59.99,9.99,0.07,0.75,0.25,0.55,0.06,0.02,flat,3273,21,3273,161.5,56.1,2301,245,13948,11856
flat installs (no ramp),59.99,9.99,0.07,0.75,0.25,0.55,0.06,0.02,flat,3273,22,3273,161.5,56.1,2342,247,14173,12047
flat installs (no ramp),59.99,9.99,0.07,0.75,0.25,0.55,0.06,0.02,flat,3273,23,3273,161.5,56.1,2382,249,14396,12237
flat installs (no ramp),59.99,9.99,0.07,0.75,0.25,0.55,0.06,0.02,flat,3273,24,3273,161.5,56.1,2423,251,14617,12424
flat installs (no ramp),59.99,9.99,0.07,0.75,0.25,0.55,0.06,0.02,flat,3273,25,3273,161.5,56.1,2445,253,14745,12533
flat installs (no ramp),59.99,9.99,0.07,0.75,0.25,0.55,0.06,0.02,flat,3273,26,3273,161.5,56.1,2467,254,14871,12640
flat installs (no ramp),59.99,9.99,0.07,0.75,0.25,0.55,0.06,0.02,flat,3273,27,3273,161.5,56.1,2489,255,14996,12747
flat installs (no ramp),59.99,9.99,0.07,0.75,0.25,0.55,0.06,0.02,flat,3273,28,3273,161.5,56.1,2511,257,15119,12851
flat installs (no ramp),59.99,9.99,0.07,0.75,0.25,0.55,0.06,0.02,flat,3273,29,3273,161.5,56.1,2534,258,15241,12955
flat installs (no ramp),59.99,9.99,0.07,0.75,0.25,0.55,0.06,0.02,flat,3273,30,3273,161.5,56.1,2556,259,15362,13058
flat installs (no ramp),59.99,9.99,0.07,0.75,0.25,0.55,0.06,0.02,flat,3273,31,3273,161.5,56.1,2578,260,15482,13160
flat installs (no ramp),59.99,9.99,0.07,0.75,0.25,0.55,0.06,0.02,flat,3273,32,3273,161.5,56.1,2600,261,15602,13261
flat installs (no ramp),59.99,9.99,0.07,0.75,0.25,0.55,0.06,0.02,flat,3273,33,3273,161.5,56.1,2622,261,15720,13362
flat installs (no ramp),59.99,9.99,0.07,0.75,0.25,0.55,0.06,0.02,flat,3273,34,3273,161.5,56.1,2645,262,15837,13462
flat installs (no ramp),59.99,9.99,0.07,0.75,0.25,0.55,0.06,0.02,flat,3273,35,3273,161.5,56.1,2667,262,15954,13561
flat installs (no ramp),59.99,9.99,0.07,0.75,0.25,0.55,0.06,0.02,flat,3273,36,3273,161.5,56.1,2689,263,16071,13660
renewal 36% (10-16 day trial level),59.99,9.99,0.07,0.75,0.36,0.55,0.06,0.02,ramp,5210,1,1042,51.4,17.9,51,18,436,370
renewal 36% (10-16 day trial level),59.99,9.99,0.07,0.75,0.36,0.55,0.06,0.02,ramp,5210,2,1421,70.1,24.4,122,34,949,807
renewal 36% (10-16 day trial level),59.99,9.99,0.07,0.75,0.36,0.55,0.06,0.02,ramp,5210,3,1800,88.8,30.9,210,51,1565,1330
renewal 36% (10-16 day trial level),59.99,9.99,0.07,0.75,0.36,0.55,0.06,0.02,ramp,5210,4,2179,107.5,37.4,318,70,2285,1942
renewal 36% (10-16 day trial level),59.99,9.99,0.07,0.75,0.36,0.55,0.06,0.02,ramp,5210,5,2558,126.2,43.9,444,89,3110,2644
renewal 36% (10-16 day trial level),59.99,9.99,0.07,0.75,0.36,0.55,0.06,0.02,ramp,5210,6,2937,144.9,50.4,589,110,4040,3434
renewal 36% (10-16 day trial level),59.99,9.99,0.07,0.75,0.36,0.55,0.06,0.02,ramp,5210,7,3315,163.6,56.9,753,131,5073,4312
renewal 36% (10-16 day trial level),59.99,9.99,0.07,0.75,0.36,0.55,0.06,0.02,ramp,5210,8,3694,182.3,63.4,935,154,6209,5277
renewal 36% (10-16 day trial level),59.99,9.99,0.07,0.75,0.36,0.55,0.06,0.02,ramp,5210,9,4073,201.0,69.9,1136,177,7447,6330
renewal 36% (10-16 day trial level),59.99,9.99,0.07,0.75,0.36,0.55,0.06,0.02,ramp,5210,10,4452,219.7,76.4,1356,201,8786,7468
renewal 36% (10-16 day trial level),59.99,9.99,0.07,0.75,0.36,0.55,0.06,0.02,ramp,5210,11,4831,238.4,82.9,1594,226,10225,8691
renewal 36% (10-16 day trial level),59.99,9.99,0.07,0.75,0.36,0.55,0.06,0.02,ramp,5210,12,5210,257.1,89.4,1851,251,11764,10000
renewal 36% (10-16 day trial level),59.99,9.99,0.07,0.75,0.36,0.55,0.06,0.02,ramp,5210,13,5210,257.1,89.4,2075,271,13079,11117
renewal 36% (10-16 day trial level),59.99,9.99,0.07,0.75,0.36,0.55,0.06,0.02,ramp,5210,14,5210,257.1,89.4,2288,287,14304,12159
renewal 36% (10-16 day trial level),59.99,9.99,0.07,0.75,0.36,0.55,0.06,0.02,ramp,5210,15,5210,257.1,89.4,2488,301,15448,13131
renewal 36% (10-16 day trial level),59.99,9.99,0.07,0.75,0.36,0.55,0.06,0.02,ramp,5210,16,5210,257.1,89.4,2676,314,16515,14038
renewal 36% (10-16 day trial level),59.99,9.99,0.07,0.75,0.36,0.55,0.06,0.02,ramp,5210,17,5210,257.1,89.4,2853,325,17510,14883
renewal 36% (10-16 day trial level),59.99,9.99,0.07,0.75,0.36,0.55,0.06,0.02,ramp,5210,18,5210,257.1,89.4,3017,335,18432,15667
renewal 36% (10-16 day trial level),59.99,9.99,0.07,0.75,0.36,0.55,0.06,0.02,ramp,5210,19,5210,257.1,89.4,3169,344,19285,16392
renewal 36% (10-16 day trial level),59.99,9.99,0.07,0.75,0.36,0.55,0.06,0.02,ramp,5210,20,5210,257.1,89.4,3310,353,20069,17058
renewal 36% (10-16 day trial level),59.99,9.99,0.07,0.75,0.36,0.55,0.06,0.02,ramp,5210,21,5210,257.1,89.4,3438,360,20785,17667
renewal 36% (10-16 day trial level),59.99,9.99,0.07,0.75,0.36,0.55,0.06,0.02,ramp,5210,22,5210,257.1,89.4,3555,367,21433,18218
renewal 36% (10-16 day trial level),59.99,9.99,0.07,0.75,0.36,0.55,0.06,0.02,ramp,5210,23,5210,257.1,89.4,3659,373,22015,18713
renewal 36% (10-16 day trial level),59.99,9.99,0.07,0.75,0.36,0.55,0.06,0.02,ramp,5210,24,5210,257.1,89.4,3752,378,22532,19152
renewal 36% (10-16 day trial level),59.99,9.99,0.07,0.75,0.36,0.55,0.06,0.02,ramp,5210,25,5210,257.1,89.4,3836,383,23001,19551
renewal 36% (10-16 day trial level),59.99,9.99,0.07,0.75,0.36,0.55,0.06,0.02,ramp,5210,26,5210,257.1,89.4,3917,387,23451,19933
renewal 36% (10-16 day trial level),59.99,9.99,0.07,0.75,0.36,0.55,0.06,0.02,ramp,5210,27,5210,257.1,89.4,3995,391,23881,20298
renewal 36% (10-16 day trial level),59.99,9.99,0.07,0.75,0.36,0.55,0.06,0.02,ramp,5210,28,5210,257.1,89.4,4070,395,24291,20648
renewal 36% (10-16 day trial level),59.99,9.99,0.07,0.75,0.36,0.55,0.06,0.02,ramp,5210,29,5210,257.1,89.4,4143,398,24684,20981
renewal 36% (10-16 day trial level),59.99,9.99,0.07,0.75,0.36,0.55,0.06,0.02,ramp,5210,30,5210,257.1,89.4,4212,401,25057,21299
renewal 36% (10-16 day trial level),59.99,9.99,0.07,0.75,0.36,0.55,0.06,0.02,ramp,5210,31,5210,257.1,89.4,4278,403,25413,21601
renewal 36% (10-16 day trial level),59.99,9.99,0.07,0.75,0.36,0.55,0.06,0.02,ramp,5210,32,5210,257.1,89.4,4341,406,25752,21889
renewal 36% (10-16 day trial level),59.99,9.99,0.07,0.75,0.36,0.55,0.06,0.02,ramp,5210,33,5210,257.1,89.4,4401,408,26072,22161
renewal 36% (10-16 day trial level),59.99,9.99,0.07,0.75,0.36,0.55,0.06,0.02,ramp,5210,34,5210,257.1,89.4,4458,409,26376,22419
renewal 36% (10-16 day trial level),59.99,9.99,0.07,0.75,0.36,0.55,0.06,0.02,ramp,5210,35,5210,257.1,89.4,4512,411,26662,22663
renewal 36% (10-16 day trial level),59.99,9.99,0.07,0.75,0.36,0.55,0.06,0.02,ramp,5210,36,5210,257.1,89.4,4563,413,26932,22892
renewal 40%,59.99,9.99,0.07,0.75,0.4,0.55,0.06,0.02,ramp,5210,1,1042,51.4,17.9,51,18,436,370
renewal 40%,59.99,9.99,0.07,0.75,0.4,0.55,0.06,0.02,ramp,5210,2,1421,70.1,24.4,122,34,949,807
renewal 40%,59.99,9.99,0.07,0.75,0.4,0.55,0.06,0.02,ramp,5210,3,1800,88.8,30.9,210,51,1565,1330
renewal 40%,59.99,9.99,0.07,0.75,0.4,0.55,0.06,0.02,ramp,5210,4,2179,107.5,37.4,318,70,2285,1942
renewal 40%,59.99,9.99,0.07,0.75,0.4,0.55,0.06,0.02,ramp,5210,5,2558,126.2,43.9,444,89,3110,2644
renewal 40%,59.99,9.99,0.07,0.75,0.4,0.55,0.06,0.02,ramp,5210,6,2937,144.9,50.4,589,110,4040,3434
renewal 40%,59.99,9.99,0.07,0.75,0.4,0.55,0.06,0.02,ramp,5210,7,3315,163.6,56.9,753,131,5073,4312
renewal 40%,59.99,9.99,0.07,0.75,0.4,0.55,0.06,0.02,ramp,5210,8,3694,182.3,63.4,935,154,6209,5277
renewal 40%,59.99,9.99,0.07,0.75,0.4,0.55,0.06,0.02,ramp,5210,9,4073,201.0,69.9,1136,177,7447,6330
renewal 40%,59.99,9.99,0.07,0.75,0.4,0.55,0.06,0.02,ramp,5210,10,4452,219.7,76.4,1356,201,8786,7468
renewal 40%,59.99,9.99,0.07,0.75,0.4,0.55,0.06,0.02,ramp,5210,11,4831,238.4,82.9,1594,226,10225,8691
renewal 40%,59.99,9.99,0.07,0.75,0.4,0.55,0.06,0.02,ramp,5210,12,5210,257.1,89.4,1851,251,11764,10000
renewal 40%,59.99,9.99,0.07,0.75,0.4,0.55,0.06,0.02,ramp,5210,13,5210,257.1,89.4,2077,271,13090,11126
renewal 40%,59.99,9.99,0.07,0.75,0.4,0.55,0.06,0.02,ramp,5210,14,5210,257.1,89.4,2292,287,14329,12179
renewal 40%,59.99,9.99,0.07,0.75,0.4,0.55,0.06,0.02,ramp,5210,15,5210,257.1,89.4,2496,301,15490,13167
renewal 40%,59.99,9.99,0.07,0.75,0.4,0.55,0.06,0.02,ramp,5210,16,5210,257.1,89.4,2689,314,16579,14092
renewal 40%,59.99,9.99,0.07,0.75,0.4,0.55,0.06,0.02,ramp,5210,17,5210,257.1,89.4,2870,325,17598,14959
renewal 40%,59.99,9.99,0.07,0.75,0.4,0.55,0.06,0.02,ramp,5210,18,5210,257.1,89.4,3040,335,18550,15767
renewal 40%,59.99,9.99,0.07,0.75,0.4,0.55,0.06,0.02,ramp,5210,19,5210,257.1,89.4,3199,344,19435,16520
renewal 40%,59.99,9.99,0.07,0.75,0.4,0.55,0.06,0.02,ramp,5210,20,5210,257.1,89.4,3347,353,20256,17217
renewal 40%,59.99,9.99,0.07,0.75,0.4,0.55,0.06,0.02,ramp,5210,21,5210,257.1,89.4,3484,360,21012,17860
renewal 40%,59.99,9.99,0.07,0.75,0.4,0.55,0.06,0.02,ramp,5210,22,5210,257.1,89.4,3609,367,21704,18449
renewal 40%,59.99,9.99,0.07,0.75,0.4,0.55,0.06,0.02,ramp,5210,23,5210,257.1,89.4,3723,373,22334,18984
renewal 40%,59.99,9.99,0.07,0.75,0.4,0.55,0.06,0.02,ramp,5210,24,5210,257.1,89.4,3826,378,22902,19467
renewal 40%,59.99,9.99,0.07,0.75,0.4,0.55,0.06,0.02,ramp,5210,25,5210,257.1,89.4,3919,383,23418,19905
renewal 40%,59.99,9.99,0.07,0.75,0.4,0.55,0.06,0.02,ramp,5210,26,5210,257.1,89.4,4010,387,23913,20326
renewal 40%,59.99,9.99,0.07,0.75,0.4,0.55,0.06,0.02,ramp,5210,27,5210,257.1,89.4,4096,391,24386,20728
renewal 40%,59.99,9.99,0.07,0.75,0.4,0.55,0.06,0.02,ramp,5210,28,5210,257.1,89.4,4180,395,24839,21113
renewal 40%,59.99,9.99,0.07,0.75,0.4,0.55,0.06,0.02,ramp,5210,29,5210,257.1,89.4,4260,398,25271,21480
renewal 40%,59.99,9.99,0.07,0.75,0.4,0.55,0.06,0.02,ramp,5210,30,5210,257.1,89.4,4337,401,25683,21831
renewal 40%,59.99,9.99,0.07,0.75,0.4,0.55,0.06,0.02,ramp,5210,31,5210,257.1,89.4,4410,403,26076,22164
renewal 40%,59.99,9.99,0.07,0.75,0.4,0.55,0.06,0.02,ramp,5210,32,5210,257.1,89.4,4480,406,26449,22482
renewal 40%,59.99,9.99,0.07,0.75,0.4,0.55,0.06,0.02,ramp,5210,33,5210,257.1,89.4,4547,408,26803,22782
renewal 40%,59.99,9.99,0.07,0.75,0.4,0.55,0.06,0.02,ramp,5210,34,5210,257.1,89.4,4610,409,27138,23067
renewal 40%,59.99,9.99,0.07,0.75,0.4,0.55,0.06,0.02,ramp,5210,35,5210,257.1,89.4,4670,411,27454,23336
renewal 40%,59.99,9.99,0.07,0.75,0.4,0.55,0.06,0.02,ramp,5210,36,5210,257.1,89.4,4727,413,27752,23590
conversion 4%,59.99,9.99,0.04,0.75,0.25,0.55,0.06,0.02,ramp,9117,1,1823,51.4,17.9,51,18,436,370
conversion 4%,59.99,9.99,0.04,0.75,0.25,0.55,0.06,0.02,ramp,9117,2,2487,70.1,24.4,122,34,949,807
conversion 4%,59.99,9.99,0.04,0.75,0.25,0.55,0.06,0.02,ramp,9117,3,3150,88.8,30.9,210,51,1565,1330
conversion 4%,59.99,9.99,0.04,0.75,0.25,0.55,0.06,0.02,ramp,9117,4,3813,107.5,37.4,318,70,2285,1942
conversion 4%,59.99,9.99,0.04,0.75,0.25,0.55,0.06,0.02,ramp,9117,5,4476,126.2,43.9,444,89,3110,2644
conversion 4%,59.99,9.99,0.04,0.75,0.25,0.55,0.06,0.02,ramp,9117,6,5139,144.9,50.4,589,110,4040,3434
conversion 4%,59.99,9.99,0.04,0.75,0.25,0.55,0.06,0.02,ramp,9117,7,5802,163.6,56.9,753,131,5073,4312
conversion 4%,59.99,9.99,0.04,0.75,0.25,0.55,0.06,0.02,ramp,9117,8,6465,182.3,63.4,935,154,6209,5277
conversion 4%,59.99,9.99,0.04,0.75,0.25,0.55,0.06,0.02,ramp,9117,9,7128,201.0,69.9,1136,177,7447,6330
conversion 4%,59.99,9.99,0.04,0.75,0.25,0.55,0.06,0.02,ramp,9117,10,7791,219.7,76.4,1356,201,8786,7468
conversion 4%,59.99,9.99,0.04,0.75,0.25,0.55,0.06,0.02,ramp,9117,11,8454,238.4,82.9,1594,226,10225,8691
conversion 4%,59.99,9.99,0.04,0.75,0.25,0.55,0.06,0.02,ramp,9117,12,9117,257.1,89.4,1851,251,11764,10000
conversion 4%,59.99,9.99,0.04,0.75,0.25,0.55,0.06,0.02,ramp,9117,13,9117,257.1,89.4,2070,271,13051,11093
conversion 4%,59.99,9.99,0.04,0.75,0.25,0.55,0.06,0.02,ramp,9117,14,9117,257.1,89.4,2274,287,14237,12102
conversion 4%,59.99,9.99,0.04,0.75,0.25,0.55,0.06,0.02,ramp,9117,15,9117,257.1,89.4,2465,301,15332,13032
conversion 4%,59.99,9.99,0.04,0.75,0.25,0.55,0.06,0.02,ramp,9117,16,9117,257.1,89.4,2641,314,16341,13890
conversion 4%,59.99,9.99,0.04,0.75,0.25,0.55,0.06,0.02,ramp,9117,17,9117,257.1,89.4,2804,325,17265,14676
conversion 4%,59.99,9.99,0.04,0.75,0.25,0.55,0.06,0.02,ramp,9117,18,9117,257.1,89.4,2952,335,18108,15392
conversion 4%,59.99,9.99,0.04,0.75,0.25,0.55,0.06,0.02,ramp,9117,19,9117,257.1,89.4,3086,344,18871,16040
conversion 4%,59.99,9.99,0.04,0.75,0.25,0.55,0.06,0.02,ramp,9117,20,9117,257.1,89.4,3207,353,19555,16621
conversion 4%,59.99,9.99,0.04,0.75,0.25,0.55,0.06,0.02,ramp,9117,21,9117,257.1,89.4,3313,360,20160,17136
conversion 4%,59.99,9.99,0.04,0.75,0.25,0.55,0.06,0.02,ramp,9117,22,9117,257.1,89.4,3406,367,20688,17585
conversion 4%,59.99,9.99,0.04,0.75,0.25,0.55,0.06,0.02,ramp,9117,23,9117,257.1,89.4,3484,373,21139,17968
conversion 4%,59.99,9.99,0.04,0.75,0.25,0.55,0.06,0.02,ramp,9117,24,9117,257.1,89.4,3548,378,21514,18287
conversion 4%,59.99,9.99,0.04,0.75,0.25,0.55,0.06,0.02,ramp,9117,25,9117,257.1,89.4,3607,383,21855,18576
conversion 4%,59.99,9.99,0.04,0.75,0.25,0.55,0.06,0.02,ramp,9117,26,9117,257.1,89.4,3663,387,22180,18853
conversion 4%,59.99,9.99,0.04,0.75,0.25,0.55,0.06,0.02,ramp,9117,27,9117,257.1,89.4,3717,391,22490,19117
conversion 4%,59.99,9.99,0.04,0.75,0.25,0.55,0.06,0.02,ramp,9117,28,9117,257.1,89.4,3769,395,22786,19369
conversion 4%,59.99,9.99,0.04,0.75,0.25,0.55,0.06,0.02,ramp,9117,29,9117,257.1,89.4,3820,398,23069,19608
conversion 4%,59.99,9.99,0.04,0.75,0.25,0.55,0.06,0.02,ramp,9117,30,9117,257.1,89.4,3868,401,23337,19836
conversion 4%,59.99,9.99,0.04,0.75,0.25,0.55,0.06,0.02,ramp,9117,31,9117,257.1,89.4,3913,403,23592,20053
conversion 4%,59.99,9.99,0.04,0.75,0.25,0.55,0.06,0.02,ramp,9117,32,9117,257.1,89.4,3957,406,23834,20259
conversion 4%,59.99,9.99,0.04,0.75,0.25,0.55,0.06,0.02,ramp,9117,33,9117,257.1,89.4,3999,408,24063,20453
conversion 4%,59.99,9.99,0.04,0.75,0.25,0.55,0.06,0.02,ramp,9117,34,9117,257.1,89.4,4038,409,24279,20637
conversion 4%,59.99,9.99,0.04,0.75,0.25,0.55,0.06,0.02,ramp,9117,35,9117,257.1,89.4,4076,411,24483,20811
conversion 4%,59.99,9.99,0.04,0.75,0.25,0.55,0.06,0.02,ramp,9117,36,9117,257.1,89.4,4111,413,24675,20974
conversion 10%,59.99,9.99,0.1,0.75,0.25,0.55,0.06,0.02,ramp,3647,1,729,51.4,17.9,51,18,436,370
conversion 10%,59.99,9.99,0.1,0.75,0.25,0.55,0.06,0.02,ramp,3647,2,995,70.1,24.4,122,34,949,807
conversion 10%,59.99,9.99,0.1,0.75,0.25,0.55,0.06,0.02,ramp,3647,3,1260,88.8,30.9,210,51,1565,1330
conversion 10%,59.99,9.99,0.1,0.75,0.25,0.55,0.06,0.02,ramp,3647,4,1525,107.5,37.4,318,70,2285,1942
conversion 10%,59.99,9.99,0.1,0.75,0.25,0.55,0.06,0.02,ramp,3647,5,1790,126.2,43.9,444,89,3110,2644
conversion 10%,59.99,9.99,0.1,0.75,0.25,0.55,0.06,0.02,ramp,3647,6,2056,144.9,50.4,589,110,4040,3434
conversion 10%,59.99,9.99,0.1,0.75,0.25,0.55,0.06,0.02,ramp,3647,7,2321,163.6,56.9,753,131,5073,4312
conversion 10%,59.99,9.99,0.1,0.75,0.25,0.55,0.06,0.02,ramp,3647,8,2586,182.3,63.4,935,154,6209,5277
conversion 10%,59.99,9.99,0.1,0.75,0.25,0.55,0.06,0.02,ramp,3647,9,2851,201.0,69.9,1136,177,7447,6330
conversion 10%,59.99,9.99,0.1,0.75,0.25,0.55,0.06,0.02,ramp,3647,10,3116,219.7,76.4,1356,201,8786,7468
conversion 10%,59.99,9.99,0.1,0.75,0.25,0.55,0.06,0.02,ramp,3647,11,3382,238.4,82.9,1594,226,10225,8691
conversion 10%,59.99,9.99,0.1,0.75,0.25,0.55,0.06,0.02,ramp,3647,12,3647,257.1,89.4,1851,251,11764,10000
conversion 10%,59.99,9.99,0.1,0.75,0.25,0.55,0.06,0.02,ramp,3647,13,3647,257.1,89.4,2070,271,13051,11093
conversion 10%,59.99,9.99,0.1,0.75,0.25,0.55,0.06,0.02,ramp,3647,14,3647,257.1,89.4,2274,287,14237,12102
conversion 10%,59.99,9.99,0.1,0.75,0.25,0.55,0.06,0.02,ramp,3647,15,3647,257.1,89.4,2465,301,15332,13032
conversion 10%,59.99,9.99,0.1,0.75,0.25,0.55,0.06,0.02,ramp,3647,16,3647,257.1,89.4,2641,314,16341,13890
conversion 10%,59.99,9.99,0.1,0.75,0.25,0.55,0.06,0.02,ramp,3647,17,3647,257.1,89.4,2804,325,17265,14676
conversion 10%,59.99,9.99,0.1,0.75,0.25,0.55,0.06,0.02,ramp,3647,18,3647,257.1,89.4,2952,335,18108,15392
conversion 10%,59.99,9.99,0.1,0.75,0.25,0.55,0.06,0.02,ramp,3647,19,3647,257.1,89.4,3086,344,18871,16040
conversion 10%,59.99,9.99,0.1,0.75,0.25,0.55,0.06,0.02,ramp,3647,20,3647,257.1,89.4,3207,353,19555,16621
conversion 10%,59.99,9.99,0.1,0.75,0.25,0.55,0.06,0.02,ramp,3647,21,3647,257.1,89.4,3313,360,20160,17136
conversion 10%,59.99,9.99,0.1,0.75,0.25,0.55,0.06,0.02,ramp,3647,22,3647,257.1,89.4,3406,367,20688,17585
conversion 10%,59.99,9.99,0.1,0.75,0.25,0.55,0.06,0.02,ramp,3647,23,3647,257.1,89.4,3484,373,21139,17968
conversion 10%,59.99,9.99,0.1,0.75,0.25,0.55,0.06,0.02,ramp,3647,24,3647,257.1,89.4,3548,378,21514,18287
conversion 10%,59.99,9.99,0.1,0.75,0.25,0.55,0.06,0.02,ramp,3647,25,3647,257.1,89.4,3607,383,21855,18576
conversion 10%,59.99,9.99,0.1,0.75,0.25,0.55,0.06,0.02,ramp,3647,26,3647,257.1,89.4,3663,387,22180,18853
conversion 10%,59.99,9.99,0.1,0.75,0.25,0.55,0.06,0.02,ramp,3647,27,3647,257.1,89.4,3717,391,22490,19117
conversion 10%,59.99,9.99,0.1,0.75,0.25,0.55,0.06,0.02,ramp,3647,28,3647,257.1,89.4,3769,395,22786,19369
conversion 10%,59.99,9.99,0.1,0.75,0.25,0.55,0.06,0.02,ramp,3647,29,3647,257.1,89.4,3820,398,23069,19608
conversion 10%,59.99,9.99,0.1,0.75,0.25,0.55,0.06,0.02,ramp,3647,30,3647,257.1,89.4,3868,401,23337,19836
conversion 10%,59.99,9.99,0.1,0.75,0.25,0.55,0.06,0.02,ramp,3647,31,3647,257.1,89.4,3913,403,23592,20053
conversion 10%,59.99,9.99,0.1,0.75,0.25,0.55,0.06,0.02,ramp,3647,32,3647,257.1,89.4,3957,406,23834,20259
conversion 10%,59.99,9.99,0.1,0.75,0.25,0.55,0.06,0.02,ramp,3647,33,3647,257.1,89.4,3999,408,24063,20453
conversion 10%,59.99,9.99,0.1,0.75,0.25,0.55,0.06,0.02,ramp,3647,34,3647,257.1,89.4,4038,409,24279,20637
conversion 10%,59.99,9.99,0.1,0.75,0.25,0.55,0.06,0.02,ramp,3647,35,3647,257.1,89.4,4076,411,24483,20811
conversion 10%,59.99,9.99,0.1,0.75,0.25,0.55,0.06,0.02,ramp,3647,36,3647,257.1,89.4,4111,413,24675,20974
annual share 60%,59.99,9.99,0.07,0.6,0.25,0.55,0.06,0.02,ramp,5367,1,1073,42.4,29.5,42,29,506,430
annual share 60%,59.99,9.99,0.07,0.6,0.25,0.55,0.06,0.02,ramp,5367,2,1464,57.8,40.2,100,56,1064,904
annual share 60%,59.99,9.99,0.07,0.6,0.25,0.55,0.06,0.02,ramp,5367,3,1854,73.2,50.9,173,85,1712,1455
annual share 60%,59.99,9.99,0.07,0.6,0.25,0.55,0.06,0.02,ramp,5367,4,2245,88.6,61.6,262,115,2457,2088
annual share 60%,59.99,9.99,0.07,0.6,0.25,0.55,0.06,0.02,ramp,5367,5,2635,104.0,72.3,366,147,3297,2803
annual share 60%,59.99,9.99,0.07,0.6,0.25,0.55,0.06,0.02,ramp,5367,6,3025,119.4,83.0,485,181,4232,3597
annual share 60%,59.99,9.99,0.07,0.6,0.25,0.55,0.06,0.02,ramp,5367,7,3416,134.8,93.7,620,216,5261,4472
annual share 60%,59.99,9.99,0.07,0.6,0.25,0.55,0.06,0.02,ramp,5367,8,3806,150.3,104.4,771,253,6382,5425
annual share 60%,59.99,9.99,0.07,0.6,0.25,0.55,0.06,0.02,ramp,5367,9,4196,165.7,115.1,936,292,7594,6455
annual share 60%,59.99,9.99,0.07,0.6,0.25,0.55,0.06,0.02,ramp,5367,10,4587,181.1,125.9,1117,331,8896,7562
annual share 60%,59.99,9.99,0.07,0.6,0.25,0.55,0.06,0.02,ramp,5367,11,4977,196.5,136.6,1314,372,10286,8743
annual share 60%,59.99,9.99,0.07,0.6,0.25,0.55,0.06,0.02,ramp,5367,12,5367,211.9,147.3,1526,414,11764,10000
annual share 60%,59.99,9.99,0.07,0.6,0.25,0.55,0.06,0.02,ramp,5367,13,5367,211.9,147.3,1706,446,12985,11037
annual share 60%,59.99,9.99,0.07,0.6,0.25,0.55,0.06,0.02,ramp,5367,14,5367,211.9,147.3,1874,473,14098,11983
annual share 60%,59.99,9.99,0.07,0.6,0.25,0.55,0.06,0.02,ramp,5367,15,5367,211.9,147.3,2031,497,15118,12850
annual share 60%,59.99,9.99,0.07,0.6,0.25,0.55,0.06,0.02,ramp,5367,16,5367,211.9,147.3,2177,518,16053,13645
annual share 60%,59.99,9.99,0.07,0.6,0.25,0.55,0.06,0.02,ramp,5367,17,5367,211.9,147.3,2311,536,16908,14371
annual share 60%,59.99,9.99,0.07,0.6,0.25,0.55,0.06,0.02,ramp,5367,18,5367,211.9,147.3,2433,553,17686,15033
annual share 60%,59.99,9.99,0.07,0.6,0.25,0.55,0.06,0.02,ramp,5367,19,5367,211.9,147.3,2544,568,18389,15631
annual share 60%,59.99,9.99,0.07,0.6,0.25,0.55,0.06,0.02,ramp,5367,20,5367,211.9,147.3,2643,581,19020,16167
annual share 60%,59.99,9.99,0.07,0.6,0.25,0.55,0.06,0.02,ramp,5367,21,5367,211.9,147.3,2731,593,19580,16643
annual share 60%,59.99,9.99,0.07,0.6,0.25,0.55,0.06,0.02,ramp,5367,22,5367,211.9,147.3,2807,604,20069,17059
annual share 60%,59.99,9.99,0.07,0.6,0.25,0.55,0.06,0.02,ramp,5367,23,5367,211.9,147.3,2871,614,20490,17417
annual share 60%,59.99,9.99,0.07,0.6,0.25,0.55,0.06,0.02,ramp,5367,24,5367,211.9,147.3,2924,623,20843,17717
annual share 60%,59.99,9.99,0.07,0.6,0.25,0.55,0.06,0.02,ramp,5367,25,5367,211.9,147.3,2972,631,21164,17989
annual share 60%,59.99,9.99,0.07,0.6,0.25,0.55,0.06,0.02,ramp,5367,26,5367,211.9,147.3,3019,638,21468,18248
annual share 60%,59.99,9.99,0.07,0.6,0.25,0.55,0.06,0.02,ramp,5367,27,5367,211.9,147.3,3064,645,21756,18493
annual share 60%,59.99,9.99,0.07,0.6,0.25,0.55,0.06,0.02,ramp,5367,28,5367,211.9,147.3,3107,650,22029,18725
annual share 60%,59.99,9.99,0.07,0.6,0.25,0.55,0.06,0.02,ramp,5367,29,5367,211.9,147.3,3148,656,22288,18945
annual share 60%,59.99,9.99,0.07,0.6,0.25,0.55,0.06,0.02,ramp,5367,30,5367,211.9,147.3,3188,660,22532,19153
annual share 60%,59.99,9.99,0.07,0.6,0.25,0.55,0.06,0.02,ramp,5367,31,5367,211.9,147.3,3225,665,22764,19349
annual share 60%,59.99,9.99,0.07,0.6,0.25,0.55,0.06,0.02,ramp,5367,32,5367,211.9,147.3,3261,668,22982,19535
annual share 60%,59.99,9.99,0.07,0.6,0.25,0.55,0.06,0.02,ramp,5367,33,5367,211.9,147.3,3296,672,23188,19710
annual share 60%,59.99,9.99,0.07,0.6,0.25,0.55,0.06,0.02,ramp,5367,34,5367,211.9,147.3,3328,675,23382,19875
annual share 60%,59.99,9.99,0.07,0.6,0.25,0.55,0.06,0.02,ramp,5367,35,5367,211.9,147.3,3359,678,23564,20029
annual share 60%,59.99,9.99,0.07,0.6,0.25,0.55,0.06,0.02,ramp,5367,36,5367,211.9,147.3,3388,680,23735,20174
annual share 90%,59.99,9.99,0.07,0.9,0.25,0.55,0.06,0.02,ramp,5061,1,1012,59.9,6.9,60,7,369,314
annual share 90%,59.99,9.99,0.07,0.9,0.25,0.55,0.06,0.02,ramp,5061,2,1380,81.7,9.5,142,13,841,715
annual share 90%,59.99,9.99,0.07,0.9,0.25,0.55,0.06,0.02,ramp,5061,3,1749,103.5,12.0,245,20,1425,1212
annual share 90%,59.99,9.99,0.07,0.9,0.25,0.55,0.06,0.02,ramp,5061,4,2117,125.3,14.5,371,27,2123,1805
annual share 90%,59.99,9.99,0.07,0.9,0.25,0.55,0.06,0.02,ramp,5061,5,2485,147.1,17.0,518,35,2934,2494
annual share 90%,59.99,9.99,0.07,0.9,0.25,0.55,0.06,0.02,ramp,5061,6,2853,168.9,19.6,687,43,3858,3280
annual share 90%,59.99,9.99,0.07,0.9,0.25,0.55,0.06,0.02,ramp,5061,7,3221,190.7,22.1,877,51,4896,4161
annual share 90%,59.99,9.99,0.07,0.9,0.25,0.55,0.06,0.02,ramp,5061,8,3589,212.5,24.6,1090,60,6045,5138
annual share 90%,59.99,9.99,0.07,0.9,0.25,0.55,0.06,0.02,ramp,5061,9,3957,234.3,27.1,1324,69,7307,6211
annual share 90%,59.99,9.99,0.07,0.9,0.25,0.55,0.06,0.02,ramp,5061,10,4325,256.1,29.7,1580,78,8681,7379
annual share 90%,59.99,9.99,0.07,0.9,0.25,0.55,0.06,0.02,ramp,5061,11,4693,277.9,32.2,1858,88,10167,8642
annual share 90%,59.99,9.99,0.07,0.9,0.25,0.55,0.06,0.02,ramp,5061,12,5061,299.7,34.7,2158,98,11764,10000
annual share 90%,59.99,9.99,0.07,0.9,0.25,0.55,0.06,0.02,ramp,5061,13,5061,299.7,34.7,2413,105,13113,11146
annual share 90%,59.99,9.99,0.07,0.9,0.25,0.55,0.06,0.02,ramp,5061,14,5061,299.7,34.7,2651,112,14369,12214
annual share 90%,59.99,9.99,0.07,0.9,0.25,0.55,0.06,0.02,ramp,5061,15,5061,299.7,34.7,2873,117,15535,13204
annual share 90%,59.99,9.99,0.07,0.9,0.25,0.55,0.06,0.02,ramp,5061,16,5061,299.7,34.7,3079,122,16612,14120
annual share 90%,59.99,9.99,0.07,0.9,0.25,0.55,0.06,0.02,ramp,5061,17,5061,299.7,34.7,3269,126,17603,14962
annual share 90%,59.99,9.99,0.07,0.9,0.25,0.55,0.06,0.02,ramp,5061,18,5061,299.7,34.7,3442,130,18507,15731
annual share 90%,59.99,9.99,0.07,0.9,0.25,0.55,0.06,0.02,ramp,5061,19,5061,299.7,34.7,3598,134,19325,16427
annual share 90%,59.99,9.99,0.07,0.9,0.25,0.55,0.06,0.02,ramp,5061,20,5061,299.7,34.7,3739,137,20059,17050
annual share 90%,59.99,9.99,0.07,0.9,0.25,0.55,0.06,0.02,ramp,5061,21,5061,299.7,34.7,3863,140,20707,17601
annual share 90%,59.99,9.99,0.07,0.9,0.25,0.55,0.06,0.02,ramp,5061,22,5061,299.7,34.7,3970,142,21271,18080
annual share 90%,59.99,9.99,0.07,0.9,0.25,0.55,0.06,0.02,ramp,5061,23,5061,299.7,34.7,4061,145,21751,18488
annual share 90%,59.99,9.99,0.07,0.9,0.25,0.55,0.06,0.02,ramp,5061,24,5061,299.7,34.7,4136,147,22146,18824
annual share 90%,59.99,9.99,0.07,0.9,0.25,0.55,0.06,0.02,ramp,5061,25,5061,299.7,34.7,4205,149,22506,19130
annual share 90%,59.99,9.99,0.07,0.9,0.25,0.55,0.06,0.02,ramp,5061,26,5061,299.7,34.7,4270,150,22851,19424
annual share 90%,59.99,9.99,0.07,0.9,0.25,0.55,0.06,0.02,ramp,5061,27,5061,299.7,34.7,4334,152,23183,19705
annual share 90%,59.99,9.99,0.07,0.9,0.25,0.55,0.06,0.02,ramp,5061,28,5061,299.7,34.7,4394,153,23501,19976
annual share 90%,59.99,9.99,0.07,0.9,0.25,0.55,0.06,0.02,ramp,5061,29,5061,299.7,34.7,4453,155,23805,20234
annual share 90%,59.99,9.99,0.07,0.9,0.25,0.55,0.06,0.02,ramp,5061,30,5061,299.7,34.7,4509,156,24095,20481
annual share 90%,59.99,9.99,0.07,0.9,0.25,0.55,0.06,0.02,ramp,5061,31,5061,299.7,34.7,4562,157,24373,20717
annual share 90%,59.99,9.99,0.07,0.9,0.25,0.55,0.06,0.02,ramp,5061,32,5061,299.7,34.7,4613,158,24637,20941
annual share 90%,59.99,9.99,0.07,0.9,0.25,0.55,0.06,0.02,ramp,5061,33,5061,299.7,34.7,4662,158,24888,21155
annual share 90%,59.99,9.99,0.07,0.9,0.25,0.55,0.06,0.02,ramp,5061,34,5061,299.7,34.7,4708,159,25126,21357
annual share 90%,59.99,9.99,0.07,0.9,0.25,0.55,0.06,0.02,ramp,5061,35,5061,299.7,34.7,4752,160,25350,21548
annual share 90%,59.99,9.99,0.07,0.9,0.25,0.55,0.06,0.02,ramp,5061,36,5061,299.7,34.7,4793,160,25562,21728
"$44.99, same conversion",44.99,9.99,0.07,0.75,0.25,0.55,0.06,0.02,ramp,6486,1,1297,64.0,22.2,64,22,462,393
"$44.99, same conversion",44.99,9.99,0.07,0.75,0.25,0.55,0.06,0.02,ramp,6486,2,1769,87.3,30.3,151,43,993,844
"$44.99, same conversion",44.99,9.99,0.07,0.75,0.25,0.55,0.06,0.02,ramp,6486,3,2240,110.6,38.4,262,64,1620,1377
"$44.99, same conversion",44.99,9.99,0.07,0.75,0.25,0.55,0.06,0.02,ramp,6486,4,2712,133.8,46.5,396,87,2350,1997
"$44.99, same conversion",44.99,9.99,0.07,0.75,0.25,0.55,0.06,0.02,ramp,6486,5,3184,157.1,54.6,553,111,3181,2704
"$44.99, same conversion",44.99,9.99,0.07,0.75,0.25,0.55,0.06,0.02,ramp,6486,6,3656,180.4,62.7,733,136,4112,3496
"$44.99, same conversion",44.99,9.99,0.07,0.75,0.25,0.55,0.06,0.02,ramp,6486,7,4127,203.7,70.8,937,163,5144,4372
"$44.99, same conversion",44.99,9.99,0.07,0.75,0.25,0.55,0.06,0.02,ramp,6486,8,4599,227.0,78.9,1164,191,6274,5333
"$44.99, same conversion",44.99,9.99,0.07,0.75,0.25,0.55,0.06,0.02,ramp,6486,9,5071,250.2,87.0,1414,220,7502,6377
"$44.99, same conversion",44.99,9.99,0.07,0.75,0.25,0.55,0.06,0.02,ramp,6486,10,5542,273.5,95.0,1688,250,8827,7503
"$44.99, same conversion",44.99,9.99,0.07,0.75,0.25,0.55,0.06,0.02,ramp,6486,11,6014,296.8,103.1,1984,281,10248,8711
"$44.99, same conversion",44.99,9.99,0.07,0.75,0.25,0.55,0.06,0.02,ramp,6486,12,6486,320.1,111.2,2304,313,11764,10000
"$44.99, same conversion",44.99,9.99,0.07,0.75,0.25,0.55,0.06,0.02,ramp,6486,13,6486,320.1,111.2,2577,337,13026,11072
"$44.99, same conversion",44.99,9.99,0.07,0.75,0.25,0.55,0.06,0.02,ramp,6486,14,6486,320.1,111.2,2831,357,14185,12057
"$44.99, same conversion",44.99,9.99,0.07,0.75,0.25,0.55,0.06,0.02,ramp,6486,15,6486,320.1,111.2,3068,375,15251,12964
"$44.99, same conversion",44.99,9.99,0.07,0.75,0.25,0.55,0.06,0.02,ramp,6486,16,6486,320.1,111.2,3288,391,16232,13797
"$44.99, same conversion",44.99,9.99,0.07,0.75,0.25,0.55,0.06,0.02,ramp,6486,17,6486,320.1,111.2,3490,405,17130,14561
"$44.99, same conversion",44.99,9.99,0.07,0.75,0.25,0.55,0.06,0.02,ramp,6486,18,6486,320.1,111.2,3675,417,17949,15256
"$44.99, same conversion",44.99,9.99,0.07,0.75,0.25,0.55,0.06,0.02,ramp,6486,19,6486,320.1,111.2,3842,429,18689,15886
"$44.99, same conversion",44.99,9.99,0.07,0.75,0.25,0.55,0.06,0.02,ramp,6486,20,6486,320.1,111.2,3992,439,19353,16450
"$44.99, same conversion",44.99,9.99,0.07,0.75,0.25,0.55,0.06,0.02,ramp,6486,21,6486,320.1,111.2,4124,448,19941,16950
"$44.99, same conversion",44.99,9.99,0.07,0.75,0.25,0.55,0.06,0.02,ramp,6486,22,6486,320.1,111.2,4239,456,20454,17386
"$44.99, same conversion",44.99,9.99,0.07,0.75,0.25,0.55,0.06,0.02,ramp,6486,23,6486,320.1,111.2,4337,464,20894,17760
"$44.99, same conversion",44.99,9.99,0.07,0.75,0.25,0.55,0.06,0.02,ramp,6486,24,6486,320.1,111.2,4417,471,21261,18072
"$44.99, same conversion",44.99,9.99,0.07,0.75,0.25,0.55,0.06,0.02,ramp,6486,25,6486,320.1,111.2,4490,477,21594,18355
"$44.99, same conversion",44.99,9.99,0.07,0.75,0.25,0.55,0.06,0.02,ramp,6486,26,6486,320.1,111.2,4560,482,21911,18624
"$44.99, same conversion",44.99,9.99,0.07,0.75,0.25,0.55,0.06,0.02,ramp,6486,27,6486,320.1,111.2,4628,487,22213,18881
"$44.99, same conversion",44.99,9.99,0.07,0.75,0.25,0.55,0.06,0.02,ramp,6486,28,6486,320.1,111.2,4692,491,22500,19125
"$44.99, same conversion",44.99,9.99,0.07,0.75,0.25,0.55,0.06,0.02,ramp,6486,29,6486,320.1,111.2,4755,495,22774,19358
"$44.99, same conversion",44.99,9.99,0.07,0.75,0.25,0.55,0.06,0.02,ramp,6486,30,6486,320.1,111.2,4815,499,23033,19578
"$44.99, same conversion",44.99,9.99,0.07,0.75,0.25,0.55,0.06,0.02,ramp,6486,31,6486,320.1,111.2,4872,502,23279,19787
"$44.99, same conversion",44.99,9.99,0.07,0.75,0.25,0.55,0.06,0.02,ramp,6486,32,6486,320.1,111.2,4926,505,23512,19985
"$44.99, same conversion",44.99,9.99,0.07,0.75,0.25,0.55,0.06,0.02,ramp,6486,33,6486,320.1,111.2,4978,507,23732,20173
"$44.99, same conversion",44.99,9.99,0.07,0.75,0.25,0.55,0.06,0.02,ramp,6486,34,6486,320.1,111.2,5027,510,23940,20349
"$44.99, same conversion",44.99,9.99,0.07,0.75,0.25,0.55,0.06,0.02,ramp,6486,35,6486,320.1,111.2,5074,512,24136,20516
"$44.99, same conversion",44.99,9.99,0.07,0.75,0.25,0.55,0.06,0.02,ramp,6486,36,6486,320.1,111.2,5118,514,24320,20672
"$39.99, same conversion",39.99,9.99,0.07,0.75,0.25,0.55,0.06,0.02,ramp,7062,1,1412,69.7,24.2,70,24,474,403
"$39.99, same conversion",39.99,9.99,0.07,0.75,0.25,0.55,0.06,0.02,ramp,7062,2,1926,95.0,33.0,165,46,1012,860
"$39.99, same conversion",39.99,9.99,0.07,0.75,0.25,0.55,0.06,0.02,ramp,7062,3,2440,120.4,41.8,285,70,1646,1399
"$39.99, same conversion",39.99,9.99,0.07,0.75,0.25,0.55,0.06,0.02,ramp,7062,4,2953,145.7,50.6,431,94,2379,2022
"$39.99, same conversion",39.99,9.99,0.07,0.75,0.25,0.55,0.06,0.02,ramp,7062,5,3467,171.1,59.5,602,121,3213,2731
"$39.99, same conversion",39.99,9.99,0.07,0.75,0.25,0.55,0.06,0.02,ramp,7062,6,3980,196.4,68.3,798,149,4145,3524
"$39.99, same conversion",39.99,9.99,0.07,0.75,0.25,0.55,0.06,0.02,ramp,7062,7,4494,221.8,77.1,1020,178,5176,4399
"$39.99, same conversion",39.99,9.99,0.07,0.75,0.25,0.55,0.06,0.02,ramp,7062,8,5008,247.1,85.9,1267,208,6304,5358
"$39.99, same conversion",39.99,9.99,0.07,0.75,0.25,0.55,0.06,0.02,ramp,7062,9,5521,272.5,94.7,1540,240,7527,6398
"$39.99, same conversion",39.99,9.99,0.07,0.75,0.25,0.55,0.06,0.02,ramp,7062,10,6035,297.8,103.5,1838,273,8846,7519
"$39.99, same conversion",39.99,9.99,0.07,0.75,0.25,0.55,0.06,0.02,ramp,7062,11,6548,323.2,112.3,2161,306,10259,8720
"$39.99, same conversion",39.99,9.99,0.07,0.75,0.25,0.55,0.06,0.02,ramp,7062,12,7062,348.5,121.1,2509,341,11764,10000
"$39.99, same conversion",39.99,9.99,0.07,0.75,0.25,0.55,0.06,0.02,ramp,7062,13,7062,348.5,121.1,2806,367,13015,11063
"$39.99, same conversion",39.99,9.99,0.07,0.75,0.25,0.55,0.06,0.02,ramp,7062,14,7062,348.5,121.1,3083,389,14161,12037
"$39.99, same conversion",39.99,9.99,0.07,0.75,0.25,0.55,0.06,0.02,ramp,7062,15,7062,348.5,121.1,3341,408,15215,12932
"$39.99, same conversion",39.99,9.99,0.07,0.75,0.25,0.55,0.06,0.02,ramp,7062,16,7062,348.5,121.1,3580,426,16183,13755
"$39.99, same conversion",39.99,9.99,0.07,0.75,0.25,0.55,0.06,0.02,ramp,7062,17,7062,348.5,121.1,3800,441,17069,14509
"$39.99, same conversion",39.99,9.99,0.07,0.75,0.25,0.55,0.06,0.02,ramp,7062,18,7062,348.5,121.1,4002,455,17877,15195
"$39.99, same conversion",39.99,9.99,0.07,0.75,0.25,0.55,0.06,0.02,ramp,7062,19,7062,348.5,121.1,4184,467,18607,15816
"$39.99, same conversion",39.99,9.99,0.07,0.75,0.25,0.55,0.06,0.02,ramp,7062,20,7062,348.5,121.1,4347,478,19261,16372
"$39.99, same conversion",39.99,9.99,0.07,0.75,0.25,0.55,0.06,0.02,ramp,7062,21,7062,348.5,121.1,4491,488,19842,16865
"$39.99, same conversion",39.99,9.99,0.07,0.75,0.25,0.55,0.06,0.02,ramp,7062,22,7062,348.5,121.1,4616,497,20349,17296
"$39.99, same conversion",39.99,9.99,0.07,0.75,0.25,0.55,0.06,0.02,ramp,7062,23,7062,348.5,121.1,4722,505,20783,17666
"$39.99, same conversion",39.99,9.99,0.07,0.75,0.25,0.55,0.06,0.02,ramp,7062,24,7062,348.5,121.1,4809,512,21146,17974
"$39.99, same conversion",39.99,9.99,0.07,0.75,0.25,0.55,0.06,0.02,ramp,7062,25,7062,348.5,121.1,4889,519,21476,18255
"$39.99, same conversion",39.99,9.99,0.07,0.75,0.25,0.55,0.06,0.02,ramp,7062,26,7062,348.5,121.1,4965,525,21790,18521
"$39.99, same conversion",39.99,9.99,0.07,0.75,0.25,0.55,0.06,0.02,ramp,7062,27,7062,348.5,121.1,5039,530,22088,18775
"$39.99, same conversion",39.99,9.99,0.07,0.75,0.25,0.55,0.06,0.02,ramp,7062,28,7062,348.5,121.1,5110,535,22371,19016
"$39.99, same conversion",39.99,9.99,0.07,0.75,0.25,0.55,0.06,0.02,ramp,7062,29,7062,348.5,121.1,5177,539,22640,19244
"$39.99, same conversion",39.99,9.99,0.07,0.75,0.25,0.55,0.06,0.02,ramp,7062,30,7062,348.5,121.1,5242,543,22896,19461
"$39.99, same conversion",39.99,9.99,0.07,0.75,0.25,0.55,0.06,0.02,ramp,7062,31,7062,348.5,121.1,5305,547,23138,19667
"$39.99, same conversion",39.99,9.99,0.07,0.75,0.25,0.55,0.06,0.02,ramp,7062,32,7062,348.5,121.1,5364,550,23367,19862
"$39.99, same conversion",39.99,9.99,0.07,0.75,0.25,0.55,0.06,0.02,ramp,7062,33,7062,348.5,121.1,5420,553,23583,20046
"$39.99, same conversion",39.99,9.99,0.07,0.75,0.25,0.55,0.06,0.02,ramp,7062,34,7062,348.5,121.1,5474,555,23787,20219
"$39.99, same conversion",39.99,9.99,0.07,0.75,0.25,0.55,0.06,0.02,ramp,7062,35,7062,348.5,121.1,5525,557,23979,20382
"$39.99, same conversion",39.99,9.99,0.07,0.75,0.25,0.55,0.06,0.02,ramp,7062,36,7062,348.5,121.1,5573,559,24160,20536
"$44.99, elastic conv, renew 30%",44.99,9.99,0.0881,0.75,0.3,0.55,0.06,0.02,ramp,5152,1,1030,64.0,22.2,64,22,462,393
"$44.99, elastic conv, renew 30%",44.99,9.99,0.0881,0.75,0.3,0.55,0.06,0.02,ramp,5152,2,1405,87.3,30.3,151,43,993,844
"$44.99, elastic conv, renew 30%",44.99,9.99,0.0881,0.75,0.3,0.55,0.06,0.02,ramp,5152,3,1780,110.6,38.4,262,64,1620,1377
"$44.99, elastic conv, renew 30%",44.99,9.99,0.0881,0.75,0.3,0.55,0.06,0.02,ramp,5152,4,2155,133.8,46.5,396,87,2350,1997
"$44.99, elastic conv, renew 30%",44.99,9.99,0.0881,0.75,0.3,0.55,0.06,0.02,ramp,5152,5,2529,157.1,54.6,553,111,3181,2704
"$44.99, elastic conv, renew 30%",44.99,9.99,0.0881,0.75,0.3,0.55,0.06,0.02,ramp,5152,6,2904,180.4,62.7,733,136,4112,3496
"$44.99, elastic conv, renew 30%",44.99,9.99,0.0881,0.75,0.3,0.55,0.06,0.02,ramp,5152,7,3279,203.7,70.8,937,163,5144,4372
"$44.99, elastic conv, renew 30%",44.99,9.99,0.0881,0.75,0.3,0.55,0.06,0.02,ramp,5152,8,3653,227.0,78.9,1164,191,6274,5333
"$44.99, elastic conv, renew 30%",44.99,9.99,0.0881,0.75,0.3,0.55,0.06,0.02,ramp,5152,9,4028,250.2,87.0,1414,220,7502,6377
"$44.99, elastic conv, renew 30%",44.99,9.99,0.0881,0.75,0.3,0.55,0.06,0.02,ramp,5152,10,4403,273.5,95.0,1688,250,8827,7503
"$44.99, elastic conv, renew 30%",44.99,9.99,0.0881,0.75,0.3,0.55,0.06,0.02,ramp,5152,11,4777,296.8,103.1,1984,281,10248,8711
"$44.99, elastic conv, renew 30%",44.99,9.99,0.0881,0.75,0.3,0.55,0.06,0.02,ramp,5152,12,5152,320.1,111.2,2304,313,11764,10000
"$44.99, elastic conv, renew 30%",44.99,9.99,0.0881,0.75,0.3,0.55,0.06,0.02,ramp,5152,13,5152,320.1,111.2,2580,337,13038,11082
"$44.99, elastic conv, renew 30%",44.99,9.99,0.0881,0.75,0.3,0.55,0.06,0.02,ramp,5152,14,5152,320.1,111.2,2839,357,14213,12081
"$44.99, elastic conv, renew 30%",44.99,9.99,0.0881,0.75,0.3,0.55,0.06,0.02,ramp,5152,15,5152,320.1,111.2,3081,375,15300,13005
"$44.99, elastic conv, renew 30%",44.99,9.99,0.0881,0.75,0.3,0.55,0.06,0.02,ramp,5152,16,5152,320.1,111.2,3308,391,16306,13860
"$44.99, elastic conv, renew 30%",44.99,9.99,0.0881,0.75,0.3,0.55,0.06,0.02,ramp,5152,17,5152,320.1,111.2,3518,405,17234,14649
"$44.99, elastic conv, renew 30%",44.99,9.99,0.0881,0.75,0.3,0.55,0.06,0.02,ramp,5152,18,5152,320.1,111.2,3712,417,18086,15373
"$44.99, elastic conv, renew 30%",44.99,9.99,0.0881,0.75,0.3,0.55,0.06,0.02,ramp,5152,19,5152,320.1,111.2,3889,429,18865,16035
"$44.99, elastic conv, renew 30%",44.99,9.99,0.0881,0.75,0.3,0.55,0.06,0.02,ramp,5152,20,5152,320.1,111.2,4050,439,19571,16635
"$44.99, elastic conv, renew 30%",44.99,9.99,0.0881,0.75,0.3,0.55,0.06,0.02,ramp,5152,21,5152,320.1,111.2,4195,448,20206,17175
"$44.99, elastic conv, renew 30%",44.99,9.99,0.0881,0.75,0.3,0.55,0.06,0.02,ramp,5152,22,5152,320.1,111.2,4324,456,20770,17655
"$44.99, elastic conv, renew 30%",44.99,9.99,0.0881,0.75,0.3,0.55,0.06,0.02,ramp,5152,23,5152,320.1,111.2,4436,464,21266,18076
"$44.99, elastic conv, renew 30%",44.99,9.99,0.0881,0.75,0.3,0.55,0.06,0.02,ramp,5152,24,5152,320.1,111.2,4532,471,21693,18439
"$44.99, elastic conv, renew 30%",44.99,9.99,0.0881,0.75,0.3,0.55,0.06,0.02,ramp,5152,25,5152,320.1,111.2,4620,477,22080,18768
"$44.99, elastic conv, renew 30%",44.99,9.99,0.0881,0.75,0.3,0.55,0.06,0.02,ramp,5152,26,5152,320.1,111.2,4704,482,22450,19083
"$44.99, elastic conv, renew 30%",44.99,9.99,0.0881,0.75,0.3,0.55,0.06,0.02,ramp,5152,27,5152,320.1,111.2,4785,487,22803,19383
"$44.99, elastic conv, renew 30%",44.99,9.99,0.0881,0.75,0.3,0.55,0.06,0.02,ramp,5152,28,5152,320.1,111.2,4863,491,23139,19668
"$44.99, elastic conv, renew 30%",44.99,9.99,0.0881,0.75,0.3,0.55,0.06,0.02,ramp,5152,29,5152,320.1,111.2,4938,495,23459,19940
"$44.99, elastic conv, renew 30%",44.99,9.99,0.0881,0.75,0.3,0.55,0.06,0.02,ramp,5152,30,5152,320.1,111.2,5009,499,23763,20199
"$44.99, elastic conv, renew 30%",44.99,9.99,0.0881,0.75,0.3,0.55,0.06,0.02,ramp,5152,31,5152,320.1,111.2,5078,502,24052,20444
"$44.99, elastic conv, renew 30%",44.99,9.99,0.0881,0.75,0.3,0.55,0.06,0.02,ramp,5152,32,5152,320.1,111.2,5143,505,24326,20677
"$44.99, elastic conv, renew 30%",44.99,9.99,0.0881,0.75,0.3,0.55,0.06,0.02,ramp,5152,33,5152,320.1,111.2,5205,507,24585,20897
"$44.99, elastic conv, renew 30%",44.99,9.99,0.0881,0.75,0.3,0.55,0.06,0.02,ramp,5152,34,5152,320.1,111.2,5265,510,24830,21106
"$44.99, elastic conv, renew 30%",44.99,9.99,0.0881,0.75,0.3,0.55,0.06,0.02,ramp,5152,35,5152,320.1,111.2,5320,512,25061,21302
"$44.99, elastic conv, renew 30%",44.99,9.99,0.0881,0.75,0.3,0.55,0.06,0.02,ramp,5152,36,5152,320.1,111.2,5373,514,25278,21486
"$39.99, elastic conv, renew 33%",39.99,9.99,0.0968,0.75,0.33,0.55,0.06,0.02,ramp,5105,1,1021,69.7,24.2,70,24,474,403
"$39.99, elastic conv, renew 33%",39.99,9.99,0.0968,0.75,0.33,0.55,0.06,0.02,ramp,5105,2,1392,95.0,33.0,165,46,1012,860
"$39.99, elastic conv, renew 33%",39.99,9.99,0.0968,0.75,0.33,0.55,0.06,0.02,ramp,5105,3,1764,120.4,41.8,285,70,1646,1399
"$39.99, elastic conv, renew 33%",39.99,9.99,0.0968,0.75,0.33,0.55,0.06,0.02,ramp,5105,4,2135,145.7,50.6,431,94,2379,2022
"$39.99, elastic conv, renew 33%",39.99,9.99,0.0968,0.75,0.33,0.55,0.06,0.02,ramp,5105,5,2506,171.1,59.5,602,121,3213,2731
"$39.99, elastic conv, renew 33%",39.99,9.99,0.0968,0.75,0.33,0.55,0.06,0.02,ramp,5105,6,2878,196.4,68.3,798,149,4145,3524
"$39.99, elastic conv, renew 33%",39.99,9.99,0.0968,0.75,0.33,0.55,0.06,0.02,ramp,5105,7,3249,221.8,77.1,1020,178,5176,4399
"$39.99, elastic conv, renew 33%",39.99,9.99,0.0968,0.75,0.33,0.55,0.06,0.02,ramp,5105,8,3620,247.1,85.9,1267,208,6304,5358
"$39.99, elastic conv, renew 33%",39.99,9.99,0.0968,0.75,0.33,0.55,0.06,0.02,ramp,5105,9,3991,272.5,94.7,1540,240,7527,6398
"$39.99, elastic conv, renew 33%",39.99,9.99,0.0968,0.75,0.33,0.55,0.06,0.02,ramp,5105,10,4363,297.8,103.5,1838,273,8846,7519
"$39.99, elastic conv, renew 33%",39.99,9.99,0.0968,0.75,0.33,0.55,0.06,0.02,ramp,5105,11,4734,323.2,112.3,2161,306,10259,8720
"$39.99, elastic conv, renew 33%",39.99,9.99,0.0968,0.75,0.33,0.55,0.06,0.02,ramp,5105,12,5105,348.5,121.1,2509,341,11764,10000
"$39.99, elastic conv, renew 33%",39.99,9.99,0.0968,0.75,0.33,0.55,0.06,0.02,ramp,5105,13,5105,348.5,121.1,2811,367,13034,11078
"$39.99, elastic conv, renew 33%",39.99,9.99,0.0968,0.75,0.33,0.55,0.06,0.02,ramp,5105,14,5105,348.5,121.1,3096,389,14205,12074
"$39.99, elastic conv, renew 33%",39.99,9.99,0.0968,0.75,0.33,0.55,0.06,0.02,ramp,5105,15,5105,348.5,121.1,3364,408,15291,12997
"$39.99, elastic conv, renew 33%",39.99,9.99,0.0968,0.75,0.33,0.55,0.06,0.02,ramp,5105,16,5105,348.5,121.1,3615,426,16298,13853
"$39.99, elastic conv, renew 33%",39.99,9.99,0.0968,0.75,0.33,0.55,0.06,0.02,ramp,5105,17,5105,348.5,121.1,3849,441,17230,14645
"$39.99, elastic conv, renew 33%",39.99,9.99,0.0968,0.75,0.33,0.55,0.06,0.02,ramp,5105,18,5105,348.5,121.1,4065,455,18089,15376
"$39.99, elastic conv, renew 33%",39.99,9.99,0.0968,0.75,0.33,0.55,0.06,0.02,ramp,5105,19,5105,348.5,121.1,4265,467,18879,16047
"$39.99, elastic conv, renew 33%",39.99,9.99,0.0968,0.75,0.33,0.55,0.06,0.02,ramp,5105,20,5105,348.5,121.1,4448,478,19599,16659
"$39.99, elastic conv, renew 33%",39.99,9.99,0.0968,0.75,0.33,0.55,0.06,0.02,ramp,5105,21,5105,348.5,121.1,4614,488,20252,17214
"$39.99, elastic conv, renew 33%",39.99,9.99,0.0968,0.75,0.33,0.55,0.06,0.02,ramp,5105,22,5105,348.5,121.1,4763,497,20838,17713
"$39.99, elastic conv, renew 33%",39.99,9.99,0.0968,0.75,0.33,0.55,0.06,0.02,ramp,5105,23,5105,348.5,121.1,4895,505,21359,18155
"$39.99, elastic conv, renew 33%",39.99,9.99,0.0968,0.75,0.33,0.55,0.06,0.02,ramp,5105,24,5105,348.5,121.1,5010,512,21815,18543
"$39.99, elastic conv, renew 33%",39.99,9.99,0.0968,0.75,0.33,0.55,0.06,0.02,ramp,5105,25,5105,348.5,121.1,5115,519,22229,18895
"$39.99, elastic conv, renew 33%",39.99,9.99,0.0968,0.75,0.33,0.55,0.06,0.02,ramp,5105,26,5105,348.5,121.1,5216,525,22625,19231
"$39.99, elastic conv, renew 33%",39.99,9.99,0.0968,0.75,0.33,0.55,0.06,0.02,ramp,5105,27,5105,348.5,121.1,5313,530,23001,19551
"$39.99, elastic conv, renew 33%",39.99,9.99,0.0968,0.75,0.33,0.55,0.06,0.02,ramp,5105,28,5105,348.5,121.1,5406,535,23360,19856
"$39.99, elastic conv, renew 33%",39.99,9.99,0.0968,0.75,0.33,0.55,0.06,0.02,ramp,5105,29,5105,348.5,121.1,5496,539,23702,20146
"$39.99, elastic conv, renew 33%",39.99,9.99,0.0968,0.75,0.33,0.55,0.06,0.02,ramp,5105,30,5105,348.5,121.1,5582,543,24026,20423
"$39.99, elastic conv, renew 33%",39.99,9.99,0.0968,0.75,0.33,0.55,0.06,0.02,ramp,5105,31,5105,348.5,121.1,5664,547,24335,20685
"$39.99, elastic conv, renew 33%",39.99,9.99,0.0968,0.75,0.33,0.55,0.06,0.02,ramp,5105,32,5105,348.5,121.1,5742,550,24627,20933
"$39.99, elastic conv, renew 33%",39.99,9.99,0.0968,0.75,0.33,0.55,0.06,0.02,ramp,5105,33,5105,348.5,121.1,5817,553,24904,21168
"$39.99, elastic conv, renew 33%",39.99,9.99,0.0968,0.75,0.33,0.55,0.06,0.02,ramp,5105,34,5105,348.5,121.1,5887,555,25165,21390
"$39.99, elastic conv, renew 33%",39.99,9.99,0.0968,0.75,0.33,0.55,0.06,0.02,ramp,5105,35,5105,348.5,121.1,5954,557,25411,21599
"$39.99, elastic conv, renew 33%",39.99,9.99,0.0968,0.75,0.33,0.55,0.06,0.02,ramp,5105,36,5105,348.5,121.1,6018,559,25642,21796
"$59.99, renew 40%, conv 9% (good product+14d trial)",59.99,9.99,0.09,0.75,0.4,0.55,0.06,0.02,ramp,4052,1,810,51.4,17.9,51,18,436,370
"$59.99, renew 40%, conv 9% (good product+14d trial)",59.99,9.99,0.09,0.75,0.4,0.55,0.06,0.02,ramp,4052,2,1105,70.1,24.4,122,34,949,807
"$59.99, renew 40%, conv 9% (good product+14d trial)",59.99,9.99,0.09,0.75,0.4,0.55,0.06,0.02,ramp,4052,3,1400,88.8,30.9,210,51,1565,1330
"$59.99, renew 40%, conv 9% (good product+14d trial)",59.99,9.99,0.09,0.75,0.4,0.55,0.06,0.02,ramp,4052,4,1695,107.5,37.4,318,70,2285,1942
"$59.99, renew 40%, conv 9% (good product+14d trial)",59.99,9.99,0.09,0.75,0.4,0.55,0.06,0.02,ramp,4052,5,1989,126.2,43.9,444,89,3110,2644
"$59.99, renew 40%, conv 9% (good product+14d trial)",59.99,9.99,0.09,0.75,0.4,0.55,0.06,0.02,ramp,4052,6,2284,144.9,50.4,589,110,4040,3434
"$59.99, renew 40%, conv 9% (good product+14d trial)",59.99,9.99,0.09,0.75,0.4,0.55,0.06,0.02,ramp,4052,7,2579,163.6,56.9,753,131,5073,4312
"$59.99, renew 40%, conv 9% (good product+14d trial)",59.99,9.99,0.09,0.75,0.4,0.55,0.06,0.02,ramp,4052,8,2873,182.3,63.4,935,154,6209,5277
"$59.99, renew 40%, conv 9% (good product+14d trial)",59.99,9.99,0.09,0.75,0.4,0.55,0.06,0.02,ramp,4052,9,3168,201.0,69.9,1136,177,7447,6330
"$59.99, renew 40%, conv 9% (good product+14d trial)",59.99,9.99,0.09,0.75,0.4,0.55,0.06,0.02,ramp,4052,10,3463,219.7,76.4,1356,201,8786,7468
"$59.99, renew 40%, conv 9% (good product+14d trial)",59.99,9.99,0.09,0.75,0.4,0.55,0.06,0.02,ramp,4052,11,3757,238.4,82.9,1594,226,10225,8691
"$59.99, renew 40%, conv 9% (good product+14d trial)",59.99,9.99,0.09,0.75,0.4,0.55,0.06,0.02,ramp,4052,12,4052,257.1,89.4,1851,251,11764,10000
"$59.99, renew 40%, conv 9% (good product+14d trial)",59.99,9.99,0.09,0.75,0.4,0.55,0.06,0.02,ramp,4052,13,4052,257.1,89.4,2077,271,13090,11126
"$59.99, renew 40%, conv 9% (good product+14d trial)",59.99,9.99,0.09,0.75,0.4,0.55,0.06,0.02,ramp,4052,14,4052,257.1,89.4,2292,287,14329,12179
"$59.99, renew 40%, conv 9% (good product+14d trial)",59.99,9.99,0.09,0.75,0.4,0.55,0.06,0.02,ramp,4052,15,4052,257.1,89.4,2496,301,15490,13167
"$59.99, renew 40%, conv 9% (good product+14d trial)",59.99,9.99,0.09,0.75,0.4,0.55,0.06,0.02,ramp,4052,16,4052,257.1,89.4,2689,314,16579,14092
"$59.99, renew 40%, conv 9% (good product+14d trial)",59.99,9.99,0.09,0.75,0.4,0.55,0.06,0.02,ramp,4052,17,4052,257.1,89.4,2870,325,17598,14959
"$59.99, renew 40%, conv 9% (good product+14d trial)",59.99,9.99,0.09,0.75,0.4,0.55,0.06,0.02,ramp,4052,18,4052,257.1,89.4,3040,335,18550,15767
"$59.99, renew 40%, conv 9% (good product+14d trial)",59.99,9.99,0.09,0.75,0.4,0.55,0.06,0.02,ramp,4052,19,4052,257.1,89.4,3199,344,19435,16520
"$59.99, renew 40%, conv 9% (good product+14d trial)",59.99,9.99,0.09,0.75,0.4,0.55,0.06,0.02,ramp,4052,20,4052,257.1,89.4,3347,353,20256,17217
"$59.99, renew 40%, conv 9% (good product+14d trial)",59.99,9.99,0.09,0.75,0.4,0.55,0.06,0.02,ramp,4052,21,4052,257.1,89.4,3484,360,21012,17860
"$59.99, renew 40%, conv 9% (good product+14d trial)",59.99,9.99,0.09,0.75,0.4,0.55,0.06,0.02,ramp,4052,22,4052,257.1,89.4,3609,367,21704,18449
"$59.99, renew 40%, conv 9% (good product+14d trial)",59.99,9.99,0.09,0.75,0.4,0.55,0.06,0.02,ramp,4052,23,4052,257.1,89.4,3723,373,22334,18984
"$59.99, renew 40%, conv 9% (good product+14d trial)",59.99,9.99,0.09,0.75,0.4,0.55,0.06,0.02,ramp,4052,24,4052,257.1,89.4,3826,378,22902,19467
"$59.99, renew 40%, conv 9% (good product+14d trial)",59.99,9.99,0.09,0.75,0.4,0.55,0.06,0.02,ramp,4052,25,4052,257.1,89.4,3919,383,23418,19905
"$59.99, renew 40%, conv 9% (good product+14d trial)",59.99,9.99,0.09,0.75,0.4,0.55,0.06,0.02,ramp,4052,26,4052,257.1,89.4,4010,387,23913,20326
"$59.99, renew 40%, conv 9% (good product+14d trial)",59.99,9.99,0.09,0.75,0.4,0.55,0.06,0.02,ramp,4052,27,4052,257.1,89.4,4096,391,24386,20728
"$59.99, renew 40%, conv 9% (good product+14d trial)",59.99,9.99,0.09,0.75,0.4,0.55,0.06,0.02,ramp,4052,28,4052,257.1,89.4,4180,395,24839,21113
"$59.99, renew 40%, conv 9% (good product+14d trial)",59.99,9.99,0.09,0.75,0.4,0.55,0.06,0.02,ramp,4052,29,4052,257.1,89.4,4260,398,25271,21480
"$59.99, renew 40%, conv 9% (good product+14d trial)",59.99,9.99,0.09,0.75,0.4,0.55,0.06,0.02,ramp,4052,30,4052,257.1,89.4,4337,401,25683,21831
"$59.99, renew 40%, conv 9% (good product+14d trial)",59.99,9.99,0.09,0.75,0.4,0.55,0.06,0.02,ramp,4052,31,4052,257.1,89.4,4410,403,26076,22164
"$59.99, renew 40%, conv 9% (good product+14d trial)",59.99,9.99,0.09,0.75,0.4,0.55,0.06,0.02,ramp,4052,32,4052,257.1,89.4,4480,406,26449,22482
"$59.99, renew 40%, conv 9% (good product+14d trial)",59.99,9.99,0.09,0.75,0.4,0.55,0.06,0.02,ramp,4052,33,4052,257.1,89.4,4547,408,26803,22782
"$59.99, renew 40%, conv 9% (good product+14d trial)",59.99,9.99,0.09,0.75,0.4,0.55,0.06,0.02,ramp,4052,34,4052,257.1,89.4,4610,409,27138,23067
"$59.99, renew 40%, conv 9% (good product+14d trial)",59.99,9.99,0.09,0.75,0.4,0.55,0.06,0.02,ramp,4052,35,4052,257.1,89.4,4670,411,27454,23336
"$59.99, renew 40%, conv 9% (good product+14d trial)",59.99,9.99,0.09,0.75,0.4,0.55,0.06,0.02,ramp,4052,36,4052,257.1,89.4,4727,413,27752,23590
