scenario,target_definition,target_usd,annual_price_usd,monthly_price_usd,annual_share_assumed,retained_paid_conversion_assumed,installs_per_1000_views_assumed,required_active_paid_customers,required_installs_before_later_churn,required_views_if_all_installs_social,cash_budget_ceiling_usd,budget_per_required_payer_usd
annual_only_gross_mrr,gross_mrr,2000,59.99,9.99,1,0.01,0.5,401,40100,80200000,475,1.1845
annual_only_gross_mrr,gross_mrr,2000,59.99,9.99,1,0.01,2,401,40100,20050000,475,1.1845
annual_only_gross_mrr,gross_mrr,2000,59.99,9.99,1,0.01,5,401,40100,8020000,475,1.1845
annual_only_gross_mrr,gross_mrr,2000,59.99,9.99,1,0.03,0.5,401,13367,26734000,475,1.1845
annual_only_gross_mrr,gross_mrr,2000,59.99,9.99,1,0.03,2,401,13367,6683500,475,1.1845
annual_only_gross_mrr,gross_mrr,2000,59.99,9.99,1,0.03,5,401,13367,2673400,475,1.1845
annual_only_gross_mrr,gross_mrr,2000,59.99,9.99,1,0.07,0.5,401,5729,11458000,475,1.1845
annual_only_gross_mrr,gross_mrr,2000,59.99,9.99,1,0.07,2,401,5729,2864500,475,1.1845
annual_only_gross_mrr,gross_mrr,2000,59.99,9.99,1,0.07,5,401,5729,1145800,475,1.1845
annual_only_after_15_percent_store_commission,after_15_percent_store_commission,2000,59.99,9.99,1,0.01,0.5,471,47100,94200000,475,1.0085
annual_only_after_15_percent_store_commission,after_15_percent_store_commission,2000,59.99,9.99,1,0.01,2,471,47100,23550000,475,1.0085
annual_only_after_15_percent_store_commission,after_15_percent_store_commission,2000,59.99,9.99,1,0.01,5,471,47100,9420000,475,1.0085
annual_only_after_15_percent_store_commission,after_15_percent_store_commission,2000,59.99,9.99,1,0.03,0.5,471,15700,31400000,475,1.0085
annual_only_after_15_percent_store_commission,after_15_percent_store_commission,2000,59.99,9.99,1,0.03,2,471,15700,7850000,475,1.0085
annual_only_after_15_percent_store_commission,after_15_percent_store_commission,2000,59.99,9.99,1,0.03,5,471,15700,3140000,475,1.0085
annual_only_after_15_percent_store_commission,after_15_percent_store_commission,2000,59.99,9.99,1,0.07,0.5,471,6729,13458000,475,1.0085
annual_only_after_15_percent_store_commission,after_15_percent_store_commission,2000,59.99,9.99,1,0.07,2,471,6729,3364500,475,1.0085
annual_only_after_15_percent_store_commission,after_15_percent_store_commission,2000,59.99,9.99,1,0.07,5,471,6729,1345800,475,1.0085
75_percent_annual_mix_gross_mrr,gross_mrr,2000,59.99,9.99,0.75,0.01,0.5,321,32100,64200000,475,1.4798
75_percent_annual_mix_gross_mrr,gross_mrr,2000,59.99,9.99,0.75,0.01,2,321,32100,16050000,475,1.4798
75_percent_annual_mix_gross_mrr,gross_mrr,2000,59.99,9.99,0.75,0.01,5,321,32100,6420000,475,1.4798
75_percent_annual_mix_gross_mrr,gross_mrr,2000,59.99,9.99,0.75,0.03,0.5,321,10700,21400000,475,1.4798
75_percent_annual_mix_gross_mrr,gross_mrr,2000,59.99,9.99,0.75,0.03,2,321,10700,5350000,475,1.4798
75_percent_annual_mix_gross_mrr,gross_mrr,2000,59.99,9.99,0.75,0.03,5,321,10700,2140000,475,1.4798
75_percent_annual_mix_gross_mrr,gross_mrr,2000,59.99,9.99,0.75,0.07,0.5,321,4586,9172000,475,1.4798
75_percent_annual_mix_gross_mrr,gross_mrr,2000,59.99,9.99,0.75,0.07,2,321,4586,2293000,475,1.4798
75_percent_annual_mix_gross_mrr,gross_mrr,2000,59.99,9.99,0.75,0.07,5,321,4586,917200,475,1.4798
75_percent_annual_mix_after_15_percent_store_commission,after_15_percent_store_commission,2000,59.99,9.99,0.75,0.01,0.5,377,37700,75400000,475,1.2599
75_percent_annual_mix_after_15_percent_store_commission,after_15_percent_store_commission,2000,59.99,9.99,0.75,0.01,2,377,37700,18850000,475,1.2599
75_percent_annual_mix_after_15_percent_store_commission,after_15_percent_store_commission,2000,59.99,9.99,0.75,0.01,5,377,37700,7540000,475,1.2599
75_percent_annual_mix_after_15_percent_store_commission,after_15_percent_store_commission,2000,59.99,9.99,0.75,0.03,0.5,377,12567,25134000,475,1.2599
75_percent_annual_mix_after_15_percent_store_commission,after_15_percent_store_commission,2000,59.99,9.99,0.75,0.03,2,377,12567,6283500,475,1.2599
75_percent_annual_mix_after_15_percent_store_commission,after_15_percent_store_commission,2000,59.99,9.99,0.75,0.03,5,377,12567,2513400,475,1.2599
75_percent_annual_mix_after_15_percent_store_commission,after_15_percent_store_commission,2000,59.99,9.99,0.75,0.07,0.5,377,5386,10772000,475,1.2599
75_percent_annual_mix_after_15_percent_store_commission,after_15_percent_store_commission,2000,59.99,9.99,0.75,0.07,2,377,5386,2693000,475,1.2599
75_percent_annual_mix_after_15_percent_store_commission,after_15_percent_store_commission,2000,59.99,9.99,0.75,0.07,5,377,5386,1077200,475,1.2599
